<?xml version="1.0" encoding="UTF-8"?>
<!DOCTYPE hibernate-configuration PUBLIC
		"-//Hibernate/Hibernate Configuration DTD 3.0//EN"
		"http://www.hibernate.org/dtd/hibernate-configuration-3.0.dtd">
<hibernate-configuration>
    <session-factory>
        <property name="hibernate.connection.driver_class">oracle.jdbc.driver.OracleDriver</property>
        <property name="hibernate.connection.password">root</property>
        <property name="hibernate.connection.url">jdbc:oracle:thin:@localhost:1521:xe</property>
        <property name="hibernate.connection.username">system</property>
        <property name="hibernate.dialect">org.hibernate.dialect.Oracle10gDialect</property>
     <property name="show_sql">true</property>
     <property name="current_session_context_class">thread</property> 
    <mapping resource="Product.hbm.xml"/>
    </session-factory>
    
</hibernate-configuration>
