<?xml version="1.0"?>
<!DOCTYPE hibernate-mapping PUBLIC "-//Hibernate/Hibernate Mapping DTD 3.0//EN"
"http://hibernate.sourceforge.net/hibernate-mapping-3.0.dtd">
<!-- Generated 18 Feb, 2020 10:39:13 AM by Hibernate Tools 3.5.0.Final -->
<hibernate-mapping>
    <class name="org.Pro.Product" table="PRODUCT">
        <id name="pid" type="int">
            <column name="PID" />
            <generator class="assigned" />
        </id>
        <property name="pname" type="java.lang.String">
            <column name="PNAME" />
        </property>
    </class>
</hibernate-mapping>
